Numero_Processo,Orgao_Demandante,Objeto,Modalidade,Valor_Maximo_Estimado,Valor_Homologado,Situacao,Razao_Social_Vencedora,CNPJ_Vencedor,Data_Evento
24.587002-3,DETRAN,Desenvolvimento de sistema de IA para detecção de fraudes em licitações - Fase 1,Pregão Eletrônico,3241082.1,0.0,Fracassado,N/A,N/A,2026-06-21
26.456699-1,CGE,Suporte Técnico Especializado para Sistemas de Prontuário Eletrônico da SESA - Fase 1,Pregão Eletrônico,4293557.2,0.0,Deserto,N/A,N/A,2026-06-14
21.486251-5,Celepar,Suporte Técnico Especializado para Sistemas de Prontuário Eletrônico da SESA - Fase 3,Pregão Eletrônico,4047488.96,3509718.09,Homologado,Inteligência Global ME,45.678.901/0001-23,2026-06-04
22.485709-9,SETI,Conectividade e banda larga para Escolas Estaduais da SEED - Fase 2,Inexigibilidade de Licitação,2277992.91,0.0,Revogado,N/A,N/A,2026-06-02
24.801978-1,SEAP,Conectividade e banda larga para Escolas Estaduais da SEED - Fase 3,Pregão Eletrônico,1678961.43,1540920.12,Homologado,Inova Sul S.A.,98.765.432/0001-10,2026-05-30
25.859489-8,SEAP,Conectividade e banda larga para Escolas Estaduais da SEED - Fase 1,Dispensa de Licitação,1518350.47,1152892.89,Homologado,Inova Sul S.A.,98.765.432/0001-10,2026-05-25
21.972176-1,Celepar,Suporte Técnico Especializado para Sistemas de Prontuário Eletrônico da SESA - Fase 1,Inexigibilidade de Licitação,1695731.46,1451179.52,Homologado,Datashield Segurança Ltda,89.012.345/0001-45,2026-05-14
21.701334-8,SEED,Serviços de auditoria de segurança da informação e testes de intrusão (Pentest) - Fase 2,Dispensa de Licitação,4297101.62,3357440.41,Homologado,Inteligência Global ME,45.678.901/0001-23,2026-05-11
25.826353-6,Celepar,Licenciamento de plataforma low-code para automação de processos internos - Fase 2,Dispensa de Licitação,3871259.56,0.0,Revogado,N/A,N/A,2026-05-09
24.442722-5,SEED,Upgrade de infraestrutura de Servidores do Datacenter Celepar - Fase 2,Pregão Eletrônico,396120.86,360361.76,Homologado,TechPar Soluções Ltda,12.345.678/0001-90,2026-05-04
21.962050-1,SEED,Conectividade e banda larga para Escolas Estaduais da SEED - Fase 1,Pregão Eletrônico,3098436.05,2298343.4,Homologado,Datashield Segurança Ltda,89.012.345/0001-45,2026-04-28
21.845957-8,Celepar,Upgrade de infraestrutura de Servidores do Datacenter Celepar - Fase 1,Inexigibilidade de Licitação,1249377.11,1165285.39,Homologado,TechPar Soluções Ltda,12.345.678/0001-90,2026-04-23
25.712401-9,SEED,Upgrade de infraestrutura de Servidores do Datacenter Celepar - Fase 1,Pregão Eletrônico,1058183.26,888666.97,Homologado,Consultoria Eficiente S.A.,56.789.012/0001-56,2026-04-17
23.172792-4,DETRAN,Aquisição de computadores de alto desempenho e notebooks corporativos - Fase 3,Pregão Eletrônico,4415739.1,0.0,Fracassado,N/A,N/A,2026-04-08
26.182868-5,SETI,Aquisição de computadores de alto desempenho e notebooks corporativos - Fase 2,Inexigibilidade de Licitação,986521.03,0.0,Deserto,N/A,N/A,2026-03-26
26.344146-0,Celepar,Suporte Técnico Especializado para Sistemas de Prontuário Eletrônico da SESA - Fase 2,Inexigibilidade de Licitação,479435.72,336300.57,Homologado,Datashield Segurança Ltda,89.012.345/0001-45,2026-03-18
22.852470-5,SEAP,Aquisição de computadores de alto desempenho e notebooks corporativos - Fase 3,Dispensa de Licitação,2289178.49,0.0,Deserto,N/A,N/A,2026-01-29
26.921874-7,SEAP,Licenciamento de banco de dados corporativo e suporte técnico - Fase 1,Pregão Eletrônico,3644548.7,,Em Andamento,N/A,N/A,2026-01-26
21.577538-6,SEAP,Contratação de consultoria para governança de dados e LGPD - Fase 3,Pregão Eletrônico,1816448.3,1605188.54,Homologado,TechPar Soluções Ltda,12.345.678/0001-90,2026-01-03
21.889882-3,CGE,Desenvolvimento do Novo Portal de Transparência da CGE - Fase 1,Dispensa de Licitação,1513703.35,1398383.19,Homologado,Brasil Software EIRELI,23.456.789/0001-34,2025-12-27
26.885395-4,SEED,Licenciamento de plataforma low-code para automação de processos internos - Fase 3,Diálogo Competitivo,514307.08,427910.45,Homologado,Datashield Segurança Ltda,89.012.345/0001-45,2025-12-16
21.109767-7,Celepar,Licenciamento de Software de Inteligência Artificial para análise documental - Fase 3,Pregão Eletrônico,1215445.85,0.0,Fracassado,N/A,N/A,2025-12-10
25.916449-8,SEIA,Desenvolvimento de sistema de IA para detecção de fraudes em licitações - Fase 2,Pregão Eletrônico,530048.73,0.0,Fracassado,N/A,N/A,2025-12-05
25.656329-4,SETI,Licenciamento de banco de dados corporativo e suporte técnico - Fase 3,Pregão Eletrônico,3575139.54,3356276.53,Homologado,Consultoria Eficiente S.A.,56.789.012/0001-56,2025-12-03
24.836038-8,SETI,Desenvolvimento de aplicativo móvel para integração de serviços estaduais - Fase 3,Dispensa de Licitação,3720447.69,3313042.81,Homologado,Datashield Segurança Ltda,89.012.345/0001-45,2025-11-24
25.688967-5,Celepar,Suporte Técnico Especializado para Sistemas de Prontuário Eletrônico da SESA - Fase 2,Dispensa de Licitação,4236850.51,0.0,Revogado,N/A,N/A,2025-11-13
23.794769-6,SEIA,Conectividade e banda larga para Escolas Estaduais da SEED - Fase 1,Pregão Eletrônico,1475033.82,0.0,Revogado,N/A,N/A,2025-11-07
22.799330-1,DETRAN,Desenvolvimento de aplicativo móvel para integração de serviços estaduais - Fase 3,Dispensa de Licitação,1846506.93,1771195.06,Homologado,Inova Sul S.A.,98.765.432/0001-10,2025-11-06
22.910389-7,SETI,Desenvolvimento de aplicativo móvel para integração de serviços estaduais - Fase 3,Inexigibilidade de Licitação,2036606.5,0.0,Fracassado,N/A,N/A,2025-11-05
22.369452-7,CGE,Contratação de consultoria para governança de dados e LGPD - Fase 2,Dispensa de Licitação,2123441.31,1570097.91,Homologado,Inova Sul S.A.,98.765.432/0001-10,2025-10-28
22.714867-3,SEAP,Desenvolvimento do Novo Portal de Transparência da CGE - Fase 1,Inexigibilidade de Licitação,2694037.91,0.0,Deserto,N/A,N/A,2025-10-25
26.986593-5,DETRAN,Contratação de consultoria para governança de dados e LGPD - Fase 1,Pregão Eletrônico,1327919.4,0.0,Deserto,N/A,N/A,2025-10-10
25.240606-6,SEAP,Upgrade de infraestrutura de Servidores do Datacenter Celepar - Fase 1,Pregão Eletrônico,383444.84,,Em Andamento,N/A,N/A,2025-10-01
23.272655-2,DETRAN,Serviços de auditoria de segurança da informação e testes de intrusão (Pentest) - Fase 3,Pregão Eletrônico,4265249.62,0.0,Deserto,N/A,N/A,2025-09-29
22.324597-5,SETI,Consultoria especializada para Implantação de IA em Processos Jurídicos - Fase 1,Concorrência Pública,722604.92,0.0,Deserto,N/A,N/A,2025-09-26
22.173201-4,SEED,Desenvolvimento do Novo Portal de Transparência da CGE - Fase 3,Pregão Eletrônico,41466.71,0.0,Deserto,N/A,N/A,2025-09-12
22.940346-7,DETRAN,Desenvolvimento de aplicativo móvel para integração de serviços estaduais - Fase 2,Pregão Eletrônico,3245154.61,0.0,Revogado,N/A,N/A,2025-08-29
26.535686-2,SEAP,Serviços de Desenvolvimento de Chatbot E-Gov para atendimento ao cidadão - Fase 3,Dispensa de Licitação,1665383.16,0.0,Deserto,N/A,N/A,2025-08-28
21.467121-8,DETRAN,Licenciamento de Software de Inteligência Artificial para análise documental - Fase 2,Pregão Eletrônico,3638279.53,3167189.92,Homologado,Consultoria Eficiente S.A.,56.789.012/0001-56,2025-08-26
26.344762-4,SEAP,Suporte Técnico Especializado para Sistemas de Prontuário Eletrônico da SESA - Fase 1,Pregão Eletrônico,2924927.21,0.0,Deserto,N/A,N/A,2025-08-20
25.362529-0,Celepar,Consultoria especializada para Implantação de IA em Processos Jurídicos - Fase 3,Dispensa de Licitação,2601140.02,2548805.8,Homologado,Consultoria Eficiente S.A.,56.789.012/0001-56,2025-08-10
23.351083-0,SEAP,Serviços de auditoria de segurança da informação e testes de intrusão (Pentest) - Fase 3,Diálogo Competitivo,412870.93,,Em Andamento,N/A,N/A,2025-07-30
23.995993-8,SETI,Licenciamento de Software de Inteligência Artificial para análise documental - Fase 3,Pregão Eletrônico,2636670.12,2509290.0,Homologado,Brasil Software EIRELI,23.456.789/0001-34,2025-07-15
24.246991-6,SESA,Upgrade de infraestrutura de Servidores do Datacenter Celepar - Fase 2,Pregão Eletrônico,4156997.23,,Em Andamento,N/A,N/A,2025-07-13
23.196955-8,SEAP,Contratação de Nuvem Híbrida para o Programa Transforma Paraná - Fase 2,Pregão Eletrônico,2734213.43,2582775.54,Homologado,Inova Sul S.A.,98.765.432/0001-10,2025-07-06
23.891638-2,SEAP,Desenvolvimento de sistema de IA para detecção de fraudes em licitações - Fase 3,Pregão Eletrônico,209939.43,155013.02,Homologado,Inteligência Global ME,45.678.901/0001-23,2025-07-05
22.938742-2,SEED,Contratação de Nuvem Híbrida para o Programa Transforma Paraná - Fase 1,Inexigibilidade de Licitação,1514869.04,0.0,Revogado,N/A,N/A,2025-07-01
24.879414-7,SEED,Desenvolvimento do Novo Portal de Transparência da CGE - Fase 1,Pregão Eletrônico,2253929.56,0.0,Deserto,N/A,N/A,2025-06-29
24.185569-5,SEAP,Contratação de Nuvem Híbrida para o Programa Transforma Paraná - Fase 2,Diálogo Competitivo,3781118.01,0.0,Fracassado,N/A,N/A,2025-06-09
22.948102-1,DETRAN,Serviços de Desenvolvimento de Chatbot E-Gov para atendimento ao cidadão - Fase 3,Pregão Eletrônico,1179974.01,830635.12,Homologado,Inteligência Global ME,45.678.901/0001-23,2025-06-08
22.236306-8,CGE,Desenvolvimento de aplicativo móvel para integração de serviços estaduais - Fase 1,Pregão Eletrônico,3903022.06,2748355.49,Homologado,Startups PR Co.,34.567.890/0001-67,2025-06-03
26.307963-1,SEAP,Licenciamento de Software de Inteligência Artificial para análise documental - Fase 3,Inexigibilidade de Licitação,3830810.78,3535622.37,Homologado,Datashield Segurança Ltda,89.012.345/0001-45,2025-05-22
22.790731-9,DETRAN,Licenciamento de plataforma low-code para automação de processos internos - Fase 3,Pregão Eletrônico,3891101.93,2773302.37,Homologado,Consultoria Eficiente S.A.,56.789.012/0001-56,2025-04-29
24.301603-3,CGE,Licenciamento de banco de dados corporativo e suporte técnico - Fase 2,Pregão Eletrônico,4378910.51,0.0,Deserto,N/A,N/A,2025-04-29
24.654816-4,SEIA,Aquisição de computadores de alto desempenho e notebooks corporativos - Fase 3,Pregão Eletrônico,3985004.37,0.0,Deserto,N/A,N/A,2025-04-24
26.356702-2,SETI,Suporte Técnico Especializado para Sistemas de Prontuário Eletrônico da SESA - Fase 2,Concorrência Pública,2890798.93,2577702.25,Homologado,Startups PR Co.,34.567.890/0001-67,2025-04-23
25.567574-2,SETI,Conectividade e banda larga para Escolas Estaduais da SEED - Fase 2,Inexigibilidade de Licitação,3784187.11,0.0,Deserto,N/A,N/A,2025-04-18
24.153642-9,SEAP,Desenvolvimento do Novo Portal de Transparência da CGE - Fase 3,Pregão Eletrônico,1756979.25,,Em Andamento,N/A,N/A,2025-04-15
24.149161-5,SEED,Desenvolvimento de aplicativo móvel para integração de serviços estaduais - Fase 3,Pregão Eletrônico,1890971.11,1482462.31,Homologado,Inova Sul S.A.,98.765.432/0001-10,2025-03-26
26.623481-6,SETI,Serviços de Desenvolvimento de Chatbot E-Gov para atendimento ao cidadão - Fase 2,Pregão Eletrônico,3360100.75,0.0,Deserto,N/A,N/A,2025-03-10
26.386706-6,SETI,Conectividade e banda larga para Escolas Estaduais da SEED - Fase 1,Pregão Eletrônico,676549.6,648217.79,Homologado,Datashield Segurança Ltda,89.012.345/0001-45,2025-03-09
26.479430-1,SEED,Licenciamento de plataforma low-code para automação de processos internos - Fase 1,Pregão Eletrônico,2662254.66,2158595.15,Homologado,Inteligência Global ME,45.678.901/0001-23,2025-03-08
21.220944-4,SESA,Desenvolvimento de sistema de IA para detecção de fraudes em licitações - Fase 2,Pregão Eletrônico,2696673.51,0.0,Fracassado,N/A,N/A,2025-02-01
21.575458-2,SEED,Conectividade e banda larga para Escolas Estaduais da SEED - Fase 3,Pregão Eletrônico,2096831.03,0.0,Deserto,N/A,N/A,2025-01-21
23.680933-9,DETRAN,Conectividade e banda larga para Escolas Estaduais da SEED - Fase 3,Pregão Eletrônico,3982581.62,3132704.28,Homologado,Consultoria Eficiente S.A.,56.789.012/0001-56,2025-01-12
26.297383-5,SETI,Licenciamento de banco de dados corporativo e suporte técnico - Fase 1,Concorrência Pública,2043838.3,0.0,Fracassado,N/A,N/A,2025-01-02
21.515182-4,SEIA,Contratação de consultoria para governança de dados e LGPD - Fase 1,Pregão Eletrônico,232445.42,0.0,Fracassado,N/A,N/A,2024-12-05
23.308894-6,SETI,Licenciamento de Software de Inteligência Artificial para análise documental - Fase 1,Pregão Eletrônico,1634547.43,0.0,Deserto,N/A,N/A,2024-12-03
21.469412-8,DETRAN,Licenciamento de plataforma low-code para automação de processos internos - Fase 3,Pregão Eletrônico,3512767.39,,Em Andamento,N/A,N/A,2024-11-25
25.505785-8,Celepar,Upgrade de infraestrutura de Servidores do Datacenter Celepar - Fase 2,Inexigibilidade de Licitação,989129.8,0.0,Deserto,N/A,N/A,2024-11-22
22.568436-4,DETRAN,Upgrade de infraestrutura de Servidores do Datacenter Celepar - Fase 3,Inexigibilidade de Licitação,81117.73,0.0,Fracassado,N/A,N/A,2024-11-19
26.353961-0,Celepar,Consultoria especializada para Implantação de IA em Processos Jurídicos - Fase 1,Pregão Eletrônico,1901947.93,0.0,Revogado,N/A,N/A,2024-11-15
22.165142-1,SETI,Upgrade de infraestrutura de Servidores do Datacenter Celepar - Fase 1,Pregão Eletrônico,2276266.51,0.0,Deserto,N/A,N/A,2024-11-14
25.679364-2,SEED,Serviços de Desenvolvimento de Chatbot E-Gov para atendimento ao cidadão - Fase 1,Pregão Eletrônico,4048447.25,3852902.79,Homologado,Inova Sul S.A.,98.765.432/0001-10,2024-10-28
22.583550-4,SETI,Upgrade de infraestrutura de Servidores do Datacenter Celepar - Fase 3,Pregão Eletrônico,3626709.85,0.0,Deserto,N/A,N/A,2024-10-19
23.444061-1,SEIA,Conectividade e banda larga para Escolas Estaduais da SEED - Fase 3,Pregão Eletrônico,607460.09,510311.1,Homologado,Startups PR Co.,34.567.890/0001-67,2024-09-30
21.496922-1,CGE,Licenciamento de plataforma low-code para automação de processos internos - Fase 3,Pregão Eletrônico,3881829.84,3483088.72,Homologado,TechPar Soluções Ltda,12.345.678/0001-90,2024-09-16
25.443939-9,SEAP,Aquisição de computadores de alto desempenho e notebooks corporativos - Fase 1,Pregão Eletrônico,2105275.89,0.0,Deserto,N/A,N/A,2024-08-22
23.913423-3,DETRAN,Consultoria especializada para Implantação de IA em Processos Jurídicos - Fase 3,Pregão Eletrônico,1150301.8,1007560.24,Homologado,Consultoria Eficiente S.A.,56.789.012/0001-56,2024-08-16
21.667451-0,Celepar,Serviços de auditoria de segurança da informação e testes de intrusão (Pentest) - Fase 2,Pregão Eletrônico,1857635.2,1698680.61,Homologado,Consultoria Eficiente S.A.,56.789.012/0001-56,2024-08-15
22.526673-7,SETI,Aquisição de computadores de alto desempenho e notebooks corporativos - Fase 1,Inexigibilidade de Licitação,1313985.32,0.0,Deserto,N/A,N/A,2024-08-15
25.940010-2,SEIA,Serviços de Desenvolvimento de Chatbot E-Gov para atendimento ao cidadão - Fase 3,Inexigibilidade de Licitação,1988632.53,1429479.46,Homologado,Startups PR Co.,34.567.890/0001-67,2024-08-14
26.832409-6,SESA,Desenvolvimento de sistema de IA para detecção de fraudes em licitações - Fase 3,Diálogo Competitivo,1413831.04,0.0,Revogado,N/A,N/A,2024-08-10
25.377511-3,SEED,Desenvolvimento de sistema de IA para detecção de fraudes em licitações - Fase 3,Pregão Eletrônico,4003816.06,0.0,Deserto,N/A,N/A,2024-08-07
22.910620-4,Celepar,Licenciamento de plataforma low-code para automação de processos internos - Fase 1,Dispensa de Licitação,1729164.23,,Em Andamento,N/A,N/A,2024-07-25
23.704238-0,SESA,Conectividade e banda larga para Escolas Estaduais da SEED - Fase 3,Inexigibilidade de Licitação,4124845.36,4038820.61,Homologado,Brasil Software EIRELI,23.456.789/0001-34,2024-07-24
24.411797-9,SEED,Upgrade de infraestrutura de Servidores do Datacenter Celepar - Fase 3,Pregão Eletrônico,2755050.18,2659519.52,Homologado,Inova Sul S.A.,98.765.432/0001-10,2024-07-05
25.964998-0,SETI,Suporte Técnico Especializado para Sistemas de Prontuário Eletrônico da SESA - Fase 1,Pregão Eletrônico,1647153.74,,Em Andamento,N/A,N/A,2024-07-04
25.945687-8,SEAP,Desenvolvimento do Novo Portal de Transparência da CGE - Fase 2,Pregão Eletrônico,2999142.45,0.0,Fracassado,N/A,N/A,2024-06-30
21.554582-5,SETI,Contratação de consultoria para governança de dados e LGPD - Fase 1,Pregão Eletrônico,3310065.01,0.0,Deserto,N/A,N/A,2024-06-15
22.805477-4,SEAP,Desenvolvimento de aplicativo móvel para integração de serviços estaduais - Fase 1,Pregão Eletrônico,236575.32,,Em Andamento,N/A,N/A,2024-06-05
25.495129-5,SESA,Conectividade e banda larga para Escolas Estaduais da SEED - Fase 3,Pregão Eletrônico,1613662.84,0.0,Deserto,N/A,N/A,2024-06-03
26.208618-2,CGE,Licenciamento de Software de Inteligência Artificial para análise documental - Fase 1,Inexigibilidade de Licitação,724852.16,0.0,Deserto,N/A,N/A,2024-05-23
21.976822-6,SETI,Serviços de Desenvolvimento de Chatbot E-Gov para atendimento ao cidadão - Fase 3,Concorrência Pública,4169397.45,2929397.0,Homologado,Datashield Segurança Ltda,89.012.345/0001-45,2024-05-19
21.214975-2,SESA,Desenvolvimento de aplicativo móvel para integração de serviços estaduais - Fase 3,Pregão Eletrônico,313968.85,0.0,Revogado,N/A,N/A,2024-05-05
26.431495-2,SETI,Licenciamento de Software de Inteligência Artificial para análise documental - Fase 2,Pregão Eletrônico,1383607.35,0.0,Deserto,N/A,N/A,2024-04-26
23.175576-6,SEIA,Suporte Técnico Especializado para Sistemas de Prontuário Eletrônico da SESA - Fase 1,Pregão Eletrônico,378045.88,0.0,Fracassado,N/A,N/A,2024-03-25
24.535970-0,SEAP,Licenciamento de plataforma low-code para automação de processos internos - Fase 2,Pregão Eletrônico,3470987.1,3262328.6,Homologado,Startups PR Co.,34.567.890/0001-67,2024-03-25
26.996840-1,SEED,Conectividade e banda larga para Escolas Estaduais da SEED - Fase 3,Pregão Eletrônico,3569425.55,2948079.36,Homologado,Startups PR Co.,34.567.890/0001-67,2024-03-16
23.934816-0,CGE,Desenvolvimento do Novo Portal de Transparência da CGE - Fase 2,Pregão Eletrônico,1121562.52,0.0,Revogado,N/A,N/A,2024-03-05
26.812131-6,SESA,Licenciamento de plataforma low-code para automação de processos internos - Fase 2,Dispensa de Licitação,4413827.24,4210526.72,Homologado,Datashield Segurança Ltda,89.012.345/0001-45,2024-03-01
25.393308-9,Celepar,Serviços de Desenvolvimento de Chatbot E-Gov para atendimento ao cidadão - Fase 1,Pregão Eletrônico,3583190.61,0.0,Fracassado,N/A,N/A,2024-02-17
25.596520-3,SEAP,Upgrade de infraestrutura de Servidores do Datacenter Celepar - Fase 3,Pregão Eletrônico,2099722.46,1800444.96,Homologado,Brasil Software EIRELI,23.456.789/0001-34,2024-02-16
23.250219-8,SEAP,Suporte Técnico Especializado para Sistemas de Prontuário Eletrônico da SESA - Fase 2,Pregão Eletrônico,2518529.99,2204414.09,Homologado,Brasil Software EIRELI,23.456.789/0001-34,2024-02-13
26.322409-9,SEIA,Contratação de Nuvem Híbrida para o Programa Transforma Paraná - Fase 2,Pregão Eletrônico,592879.77,426405.56,Homologado,Startups PR Co.,34.567.890/0001-67,2024-02-10
23.795612-1,CGE,Licenciamento de banco de dados corporativo e suporte técnico - Fase 2,Inexigibilidade de Licitação,1488037.58,0.0,Deserto,N/A,N/A,2024-02-10
22.956572-3,SESA,Licenciamento de plataforma low-code para automação de processos internos - Fase 2,Pregão Eletrônico,2178240.23,0.0,Fracassado,N/A,N/A,2024-02-10
23.134305-5,SEAP,Conectividade e banda larga para Escolas Estaduais da SEED - Fase 2,Concorrência Pública,3853862.36,3756204.57,Homologado,Inteligência Global ME,45.678.901/0001-23,2024-01-21
25.184491-2,SESA,Consultoria especializada para Implantação de IA em Processos Jurídicos - Fase 2,Inexigibilidade de Licitação,3187693.56,2601677.57,Homologado,Inteligência Global ME,45.678.901/0001-23,2024-01-17
24.600149-0,DETRAN,Upgrade de infraestrutura de Servidores do Datacenter Celepar - Fase 2,Dispensa de Licitação,4291833.61,0.0,Revogado,N/A,N/A,2024-01-08
24.589710-0,Celepar,Contratação de Nuvem Híbrida para o Programa Transforma Paraná - Fase 2,Inexigibilidade de Licitação,3608648.52,2777301.69,Homologado,Inova Sul S.A.,98.765.432/0001-10,2024-01-04
21.197251-6,Celepar,Desenvolvimento do Novo Portal de Transparência da CGE - Fase 2,Pregão Eletrônico,3637863.38,,Em Andamento,N/A,N/A,2024-01-04
23.270555-5,DETRAN,Consultoria especializada para Implantação de IA em Processos Jurídicos - Fase 3,Pregão Eletrônico,4216846.01,3671003.47,Homologado,Inova Sul S.A.,98.765.432/0001-10,2023-12-30
21.897549-8,SESA,Serviços de Desenvolvimento de Chatbot E-Gov para atendimento ao cidadão - Fase 3,Pregão Eletrônico,2487622.06,0.0,Deserto,N/A,N/A,2023-12-17
22.891615-8,Celepar,Desenvolvimento do Novo Portal de Transparência da CGE - Fase 2,Pregão Eletrônico,3061633.98,,Em Andamento,N/A,N/A,2023-12-16
24.651231-6,SEED,Licenciamento de plataforma low-code para automação de processos internos - Fase 3,Pregão Eletrônico,4376537.4,3614988.64,Homologado,Consultoria Eficiente S.A.,56.789.012/0001-56,2023-11-26
22.982277-1,SETI,Licenciamento de Software de Inteligência Artificial para análise documental - Fase 3,Dispensa de Licitação,2257738.51,0.0,Deserto,N/A,N/A,2023-11-09
22.622469-8,SETI,Conectividade e banda larga para Escolas Estaduais da SEED - Fase 2,Pregão Eletrônico,432519.45,0.0,Revogado,N/A,N/A,2023-11-02
22.411120-3,SEIA,Desenvolvimento de sistema de IA para detecção de fraudes em licitações - Fase 3,Pregão Eletrônico,3373450.75,2408778.28,Homologado,Brasil Software EIRELI,23.456.789/0001-34,2023-10-27
21.701800-2,DETRAN,Suporte Técnico Especializado para Sistemas de Prontuário Eletrônico da SESA - Fase 2,Pregão Eletrônico,1145764.09,810348.22,Homologado,Inova Sul S.A.,98.765.432/0001-10,2023-10-20
23.123005-6,CGE,Contratação de Nuvem Híbrida para o Programa Transforma Paraná - Fase 3,Dispensa de Licitação,3509052.92,3351049.91,Homologado,Consultoria Eficiente S.A.,56.789.012/0001-56,2023-10-15
24.195674-7,DETRAN,Suporte Técnico Especializado para Sistemas de Prontuário Eletrônico da SESA - Fase 2,Pregão Eletrônico,497561.48,394240.36,Homologado,Consultoria Eficiente S.A.,56.789.012/0001-56,2023-10-12
26.660081-2,CGE,Contratação de Nuvem Híbrida para o Programa Transforma Paraná - Fase 1,Pregão Eletrônico,3147455.75,2765365.65,Homologado,Startups PR Co.,34.567.890/0001-67,2023-10-03
21.464069-8,SEED,Aquisição de computadores de alto desempenho e notebooks corporativos - Fase 2,Pregão Eletrônico,2924518.35,2742850.71,Homologado,Startups PR Co.,34.567.890/0001-67,2023-10-01
23.341736-1,SEAP,Desenvolvimento do Novo Portal de Transparência da CGE - Fase 1,Inexigibilidade de Licitação,4280422.69,3225861.25,Homologado,Consultoria Eficiente S.A.,56.789.012/0001-56,2023-09-19
22.530311-8,SETI,Licenciamento de plataforma low-code para automação de processos internos - Fase 3,Inexigibilidade de Licitação,3184815.29,2729540.52,Homologado,Consultoria Eficiente S.A.,56.789.012/0001-56,2023-09-07
21.112861-9,CGE,Conectividade e banda larga para Escolas Estaduais da SEED - Fase 2,Pregão Eletrônico,854105.61,658254.03,Homologado,Startups PR Co.,34.567.890/0001-67,2023-09-06
24.746447-4,DETRAN,Licenciamento de banco de dados corporativo e suporte técnico - Fase 3,Pregão Eletrônico,3198066.93,0.0,Deserto,N/A,N/A,2023-08-31
21.197573-4,SEAP,Suporte Técnico Especializado para Sistemas de Prontuário Eletrônico da SESA - Fase 3,Pregão Eletrônico,2997901.3,0.0,Fracassado,N/A,N/A,2023-08-28
25.974224-0,CGE,Upgrade de infraestrutura de Servidores do Datacenter Celepar - Fase 1,Pregão Eletrônico,2622531.97,0.0,Fracassado,N/A,N/A,2023-08-11
22.663356-6,SESA,Contratação de consultoria para governança de dados e LGPD - Fase 1,Dispensa de Licitação,3410121.98,0.0,Deserto,N/A,N/A,2023-08-07
24.701253-6,SEED,Upgrade de infraestrutura de Servidores do Datacenter Celepar - Fase 1,Pregão Eletrônico,4348912.62,4020005.24,Homologado,Datashield Segurança Ltda,89.012.345/0001-45,2023-08-01
23.638169-9,Celepar,Conectividade e banda larga para Escolas Estaduais da SEED - Fase 3,Pregão Eletrônico,2779527.56,0.0,Deserto,N/A,N/A,2023-07-28
25.265649-1,SETI,Desenvolvimento do Novo Portal de Transparência da CGE - Fase 3,Pregão Eletrônico,4330269.96,0.0,Deserto,N/A,N/A,2023-07-25
21.916232-6,SEAP,Serviços de Desenvolvimento de Chatbot E-Gov para atendimento ao cidadão - Fase 3,Pregão Eletrônico,254476.18,243506.12,Homologado,TechPar Soluções Ltda,12.345.678/0001-90,2023-07-24
25.708093-7,SESA,Conectividade e banda larga para Escolas Estaduais da SEED - Fase 3,Pregão Eletrônico,1516006.6,0.0,Revogado,N/A,N/A,2023-07-22
23.189318-3,Celepar,Licenciamento de banco de dados corporativo e suporte técnico - Fase 2,Pregão Eletrônico,3564611.51,3269440.97,Homologado,Brasil Software EIRELI,23.456.789/0001-34,2023-07-12
22.377501-1,SESA,Consultoria especializada para Implantação de IA em Processos Jurídicos - Fase 1,Pregão Eletrônico,729700.79,0.0,Revogado,N/A,N/A,2023-07-12
22.244283-0,CGE,Serviços de auditoria de segurança da informação e testes de intrusão (Pentest) - Fase 2,Inexigibilidade de Licitação,650403.33,,Em Andamento,N/A,N/A,2023-07-08
22.717457-5,SEIA,Serviços de Desenvolvimento de Chatbot E-Gov para atendimento ao cidadão - Fase 2,Pregão Eletrônico,3345479.71,3040326.05,Homologado,Brasil Software EIRELI,23.456.789/0001-34,2023-07-08
22.855053-6,SETI,Licenciamento de banco de dados corporativo e suporte técnico - Fase 1,Inexigibilidade de Licitação,2917185.96,,Em Andamento,N/A,N/A,2023-07-07
23.479742-6,SEIA,Desenvolvimento de sistema de IA para detecção de fraudes em licitações - Fase 1,Inexigibilidade de Licitação,4271241.18,0.0,Fracassado,N/A,N/A,2023-06-29
22.174878-0,SESA,Desenvolvimento de aplicativo móvel para integração de serviços estaduais - Fase 2,Pregão Eletrônico,3714354.15,0.0,Deserto,N/A,N/A,2023-06-19
25.543692-3,SEAP,Contratação de consultoria para governança de dados e LGPD - Fase 2,Pregão Eletrônico,3032440.71,0.0,Fracassado,N/A,N/A,2023-06-17
21.977330-7,SEIA,Aquisição de computadores de alto desempenho e notebooks corporativos - Fase 3,Pregão Eletrônico,3241893.15,0.0,Deserto,N/A,N/A,2023-05-30
25.238739-9,SETI,Consultoria especializada para Implantação de IA em Processos Jurídicos - Fase 2,Dispensa de Licitação,881132.32,779374.9,Homologado,Inteligência Global ME,45.678.901/0001-23,2023-05-18
23.606404-3,SEED,Upgrade de infraestrutura de Servidores do Datacenter Celepar - Fase 2,Pregão Eletrônico,297811.26,,Em Andamento,N/A,N/A,2023-05-02
25.855855-3,SEED,Conectividade e banda larga para Escolas Estaduais da SEED - Fase 1,Pregão Eletrônico,3728563.93,0.0,Revogado,N/A,N/A,2023-05-02
24.489033-8,SEED,Desenvolvimento de sistema de IA para detecção de fraudes em licitações - Fase 3,Inexigibilidade de Licitação,3987799.61,3722347.99,Homologado,Datashield Segurança Ltda,89.012.345/0001-45,2023-04-16
22.301158-6,SEED,Aquisição de computadores de alto desempenho e notebooks corporativos - Fase 3,Dispensa de Licitação,2781351.67,0.0,Deserto,N/A,N/A,2023-04-12
23.213349-9,SEIA,Serviços de auditoria de segurança da informação e testes de intrusão (Pentest) - Fase 2,Pregão Eletrônico,4088876.9,0.0,Revogado,N/A,N/A,2023-03-24
24.222343-2,SEIA,Contratação de Nuvem Híbrida para o Programa Transforma Paraná - Fase 2,Concorrência Pública,549058.55,520745.03,Homologado,Inova Sul S.A.,98.765.432/0001-10,2023-03-07
21.629057-2,SEIA,Consultoria especializada para Implantação de IA em Processos Jurídicos - Fase 3,Pregão Eletrônico,1994215.41,1599144.24,Homologado,Inteligência Global ME,45.678.901/0001-23,2023-03-05
23.297816-3,SEED,Consultoria especializada para Implantação de IA em Processos Jurídicos - Fase 2,Pregão Eletrônico,3358832.03,0.0,Revogado,N/A,N/A,2023-03-02
24.801765-1,SESA,Serviços de Desenvolvimento de Chatbot E-Gov para atendimento ao cidadão - Fase 2,Pregão Eletrônico,1138770.46,0.0,Deserto,N/A,N/A,2023-02-25
21.437758-9,SESA,Licenciamento de Software de Inteligência Artificial para análise documental - Fase 1,Pregão Eletrônico,2859852.96,0.0,Fracassado,N/A,N/A,2023-02-20
22.250210-9,SEED,Licenciamento de Software de Inteligência Artificial para análise documental - Fase 1,Inexigibilidade de Licitação,4373992.12,3975570.83,Homologado,Inova Sul S.A.,98.765.432/0001-10,2023-02-10
21.769737-4,DETRAN,Desenvolvimento de sistema de IA para detecção de fraudes em licitações - Fase 1,Pregão Eletrônico,627052.46,518819.46,Homologado,Datashield Segurança Ltda,89.012.345/0001-45,2023-02-05
26.563298-8,SEED,Licenciamento de banco de dados corporativo e suporte técnico - Fase 1,Pregão Eletrônico,4254377.7,3627985.59,Homologado,Startups PR Co.,34.567.890/0001-67,2023-01-27
26.859396-6,DETRAN,Licenciamento de Software de Inteligência Artificial para análise documental - Fase 2,Pregão Eletrônico,2428478.22,,Em Andamento,N/A,N/A,2023-01-25
24.144412-5,SEED,Upgrade de infraestrutura de Servidores do Datacenter Celepar - Fase 3,Concorrência Pública,4267132.57,3788921.38,Homologado,Brasil Software EIRELI,23.456.789/0001-34,2023-01-15
21.183958-5,CGE,Upgrade de infraestrutura de Servidores do Datacenter Celepar - Fase 2,Pregão Eletrônico,1934738.85,,Em Andamento,N/A,N/A,2022-12-21
23.332335-5,SESA,Licenciamento de Software de Inteligência Artificial para análise documental - Fase 3,Pregão Eletrônico,2401803.55,2290500.05,Homologado,Inteligência Global ME,45.678.901/0001-23,2022-12-21
25.579123-0,SESA,Suporte Técnico Especializado para Sistemas de Prontuário Eletrônico da SESA - Fase 3,Concorrência Pública,364482.27,0.0,Deserto,N/A,N/A,2022-11-25
24.717889-4,SEIA,Desenvolvimento de aplicativo móvel para integração de serviços estaduais - Fase 1,Inexigibilidade de Licitação,1550919.81,1179145.49,Homologado,Startups PR Co.,34.567.890/0001-67,2022-11-21
26.870319-8,SEAP,Conectividade e banda larga para Escolas Estaduais da SEED - Fase 1,Pregão Eletrônico,2200819.71,0.0,Revogado,N/A,N/A,2022-11-20
22.956253-7,DETRAN,Upgrade de infraestrutura de Servidores do Datacenter Celepar - Fase 1,Pregão Eletrônico,2980348.33,0.0,Revogado,N/A,N/A,2022-11-04
21.423939-7,SEIA,Desenvolvimento de sistema de IA para detecção de fraudes em licitações - Fase 2,Inexigibilidade de Licitação,432896.19,0.0,Deserto,N/A,N/A,2022-11-01
21.591465-4,SEED,Upgrade de infraestrutura de Servidores do Datacenter Celepar - Fase 3,Pregão Eletrônico,1986782.12,1885532.54,Homologado,Consultoria Eficiente S.A.,56.789.012/0001-56,2022-10-23
21.862400-6,Celepar,Suporte Técnico Especializado para Sistemas de Prontuário Eletrônico da SESA - Fase 3,Concorrência Pública,836640.49,0.0,Deserto,N/A,N/A,2022-10-20
25.608136-3,CGE,Conectividade e banda larga para Escolas Estaduais da SEED - Fase 1,Inexigibilidade de Licitação,1078186.29,0.0,Fracassado,N/A,N/A,2022-10-17
26.850981-5,SEAP,Upgrade de infraestrutura de Servidores do Datacenter Celepar - Fase 2,Pregão Eletrônico,2915388.53,,Em Andamento,N/A,N/A,2022-10-10
23.858889-9,SESA,Desenvolvimento do Novo Portal de Transparência da CGE - Fase 1,Pregão Eletrônico,662184.86,0.0,Fracassado,N/A,N/A,2022-09-28
23.952686-2,Celepar,Aquisição de computadores de alto desempenho e notebooks corporativos - Fase 3,Pregão Eletrônico,1647371.59,0.0,Fracassado,N/A,N/A,2022-09-25
25.656711-5,SEED,Contratação de consultoria para governança de dados e LGPD - Fase 3,Pregão Eletrônico,3171761.59,0.0,Deserto,N/A,N/A,2022-09-20
21.356150-5,CGE,Serviços de Desenvolvimento de Chatbot E-Gov para atendimento ao cidadão - Fase 2,Dispensa de Licitação,3174823.47,2816073.81,Homologado,Datashield Segurança Ltda,89.012.345/0001-45,2022-09-06
24.237118-5,Celepar,Desenvolvimento do Novo Portal de Transparência da CGE - Fase 1,Pregão Eletrônico,1225598.38,906263.5,Homologado,TechPar Soluções Ltda,12.345.678/0001-90,2022-08-18
23.839142-3,SETI,Desenvolvimento do Novo Portal de Transparência da CGE - Fase 2,Pregão Eletrônico,4203640.68,0.0,Deserto,N/A,N/A,2022-08-13
24.352422-3,DETRAN,Contratação de Nuvem Híbrida para o Programa Transforma Paraná - Fase 1,Pregão Eletrônico,2700908.91,,Em Andamento,N/A,N/A,2022-08-09
22.289630-9,SESA,Contratação de consultoria para governança de dados e LGPD - Fase 2,Pregão Eletrônico,1658418.38,1611128.26,Homologado,Datashield Segurança Ltda,89.012.345/0001-45,2022-08-07
24.912085-5,SEIA,Desenvolvimento de aplicativo móvel para integração de serviços estaduais - Fase 3,Pregão Eletrônico,324625.99,277954.41,Homologado,Brasil Software EIRELI,23.456.789/0001-34,2022-08-05
26.223014-7,SEAP,Contratação de consultoria para governança de dados e LGPD - Fase 3,Inexigibilidade de Licitação,1802945.31,1540764.97,Homologado,Startups PR Co.,34.567.890/0001-67,2022-08-03
25.912270-7,SETI,Suporte Técnico Especializado para Sistemas de Prontuário Eletrônico da SESA - Fase 3,Pregão Eletrônico,1470701.49,1371583.1,Homologado,TechPar Soluções Ltda,12.345.678/0001-90,2022-07-26
25.152179-1,CGE,Conectividade e banda larga para Escolas Estaduais da SEED - Fase 3,Pregão Eletrônico,2743629.75,0.0,Revogado,N/A,N/A,2022-07-14
21.451317-4,SETI,Aquisição de computadores de alto desempenho e notebooks corporativos - Fase 3,Pregão Eletrônico,4004992.04,3757870.92,Homologado,Brasil Software EIRELI,23.456.789/0001-34,2022-07-13
26.592296-5,SEAP,Desenvolvimento do Novo Portal de Transparência da CGE - Fase 2,Pregão Eletrônico,2544485.53,2309249.54,Homologado,TechPar Soluções Ltda,12.345.678/0001-90,2022-06-19
26.423401-0,SEAP,Suporte Técnico Especializado para Sistemas de Prontuário Eletrônico da SESA - Fase 3,Pregão Eletrônico,943771.37,863416.66,Homologado,Startups PR Co.,34.567.890/0001-67,2022-06-08
25.670511-8,SEIA,Suporte Técnico Especializado para Sistemas de Prontuário Eletrônico da SESA - Fase 2,Pregão Eletrônico,1759359.51,0.0,Fracassado,N/A,N/A,2022-06-04
21.929538-3,SEIA,Desenvolvimento do Novo Portal de Transparência da CGE - Fase 2,Pregão Eletrônico,4451378.48,,Em Andamento,N/A,N/A,2022-06-03
25.265080-0,Celepar,Licenciamento de plataforma low-code para automação de processos internos - Fase 1,Pregão Eletrônico,333785.06,271386.33,Homologado,Datashield Segurança Ltda,89.012.345/0001-45,2022-05-20
22.628373-4,SEAP,Licenciamento de plataforma low-code para automação de processos internos - Fase 3,Pregão Eletrônico,2611312.42,0.0,Fracassado,N/A,N/A,2022-05-01
22.956375-7,DETRAN,Serviços de auditoria de segurança da informação e testes de intrusão (Pentest) - Fase 1,Pregão Eletrônico,1802149.23,0.0,Fracassado,N/A,N/A,2022-04-28
23.757246-7,SEIA,Desenvolvimento de sistema de IA para detecção de fraudes em licitações - Fase 1,Pregão Eletrônico,3089266.1,0.0,Deserto,N/A,N/A,2022-04-11
25.829988-4,SESA,Licenciamento de Software de Inteligência Artificial para análise documental - Fase 3,Inexigibilidade de Licitação,1099590.83,975945.7,Homologado,Datashield Segurança Ltda,89.012.345/0001-45,2022-04-08
26.153945-4,CGE,Desenvolvimento do Novo Portal de Transparência da CGE - Fase 1,Pregão Eletrônico,980942.46,,Em Andamento,N/A,N/A,2022-04-05
26.870763-3,CGE,Serviços de Desenvolvimento de Chatbot E-Gov para atendimento ao cidadão - Fase 3,Pregão Eletrônico,3928585.52,,Em Andamento,N/A,N/A,2022-04-01
21.329258-3,SEIA,Licenciamento de banco de dados corporativo e suporte técnico - Fase 1,Inexigibilidade de Licitação,3164922.63,0.0,Revogado,N/A,N/A,2022-03-28
26.761759-0,SEAP,Licenciamento de Software de Inteligência Artificial para análise documental - Fase 1,Dispensa de Licitação,346732.35,269748.63,Homologado,Brasil Software EIRELI,23.456.789/0001-34,2022-03-15
21.340174-0,DETRAN,Suporte Técnico Especializado para Sistemas de Prontuário Eletrônico da SESA - Fase 2,Pregão Eletrônico,4111718.48,0.0,Fracassado,N/A,N/A,2022-03-12
24.355709-7,SEED,Desenvolvimento do Novo Portal de Transparência da CGE - Fase 1,Pregão Eletrônico,1482813.33,,Em Andamento,N/A,N/A,2022-03-11
26.128418-1,SEED,Serviços de Desenvolvimento de Chatbot E-Gov para atendimento ao cidadão - Fase 2,Pregão Eletrônico,1192898.72,0.0,Fracassado,N/A,N/A,2022-03-10
25.723398-0,Celepar,Suporte Técnico Especializado para Sistemas de Prontuário Eletrônico da SESA - Fase 3,Pregão Eletrônico,2366838.74,0.0,Deserto,N/A,N/A,2022-02-23
24.762423-2,SESA,Licenciamento de Software de Inteligência Artificial para análise documental - Fase 3,Inexigibilidade de Licitação,2075827.71,0.0,Deserto,N/A,N/A,2022-02-17
24.745270-6,SEAP,Licenciamento de plataforma low-code para automação de processos internos - Fase 1,Dispensa de Licitação,4203869.36,0.0,Fracassado,N/A,N/A,2022-01-24
21.906066-1,SEAP,Licenciamento de banco de dados corporativo e suporte técnico - Fase 3,Inexigibilidade de Licitação,4216912.13,3445250.08,Homologado,Startups PR Co.,34.567.890/0001-67,2021-12-27
26.453961-4,SETI,Contratação de consultoria para governança de dados e LGPD - Fase 3,Inexigibilidade de Licitação,2089905.62,0.0,Fracassado,N/A,N/A,2021-12-13
25.202664-0,SEIA,Licenciamento de Software de Inteligência Artificial para análise documental - Fase 1,Pregão Eletrônico,2200815.83,2073393.24,Homologado,TechPar Soluções Ltda,12.345.678/0001-90,2021-12-04
21.651033-7,DETRAN,Licenciamento de Software de Inteligência Artificial para análise documental - Fase 3,Pregão Eletrônico,3734620.02,3213104.49,Homologado,Inova Sul S.A.,98.765.432/0001-10,2021-12-03
24.644559-7,SESA,Desenvolvimento de sistema de IA para detecção de fraudes em licitações - Fase 3,Pregão Eletrônico,4193218.25,0.0,Fracassado,N/A,N/A,2021-11-29
25.898975-2,Celepar,Licenciamento de plataforma low-code para automação de processos internos - Fase 3,Pregão Eletrônico,2886104.24,2143783.79,Homologado,Startups PR Co.,34.567.890/0001-67,2021-11-27
21.196781-6,CGE,Contratação de Nuvem Híbrida para o Programa Transforma Paraná - Fase 1,Pregão Eletrônico,614763.88,0.0,Deserto,N/A,N/A,2021-11-27
24.575682-5,SESA,Desenvolvimento do Novo Portal de Transparência da CGE - Fase 2,Inexigibilidade de Licitação,3502455.22,3318001.26,Homologado,Inova Sul S.A.,98.765.432/0001-10,2021-11-19
24.102260-6,CGE,Serviços de auditoria de segurança da informação e testes de intrusão (Pentest) - Fase 2,Pregão Eletrônico,3143764.02,,Em Andamento,N/A,N/A,2021-11-14
26.854024-8,SEED,Licenciamento de banco de dados corporativo e suporte técnico - Fase 2,Dispensa de Licitação,1136378.81,0.0,Fracassado,N/A,N/A,2021-11-14
21.362778-3,CGE,Serviços de Desenvolvimento de Chatbot E-Gov para atendimento ao cidadão - Fase 3,Pregão Eletrônico,2414646.79,2090375.09,Homologado,Datashield Segurança Ltda,89.012.345/0001-45,2021-11-12
21.632351-8,SEIA,Aquisição de computadores de alto desempenho e notebooks corporativos - Fase 2,Dispensa de Licitação,2792600.65,0.0,Revogado,N/A,N/A,2021-11-12
23.234568-8,SESA,Desenvolvimento de aplicativo móvel para integração de serviços estaduais - Fase 1,Pregão Eletrônico,4100883.85,3825261.09,Homologado,Datashield Segurança Ltda,89.012.345/0001-45,2021-11-10
26.920934-9,SEAP,Contratação de consultoria para governança de dados e LGPD - Fase 1,Pregão Eletrônico,792188.92,0.0,Revogado,N/A,N/A,2021-10-30
26.931016-2,SESA,Serviços de Desenvolvimento de Chatbot E-Gov para atendimento ao cidadão - Fase 1,Pregão Eletrônico,1739973.01,1460440.83,Homologado,Datashield Segurança Ltda,89.012.345/0001-45,2021-10-21
26.117031-5,Celepar,Desenvolvimento do Novo Portal de Transparência da CGE - Fase 1,Inexigibilidade de Licitação,2838308.62,0.0,Fracassado,N/A,N/A,2021-10-01
23.335113-1,SEIA,Desenvolvimento de aplicativo móvel para integração de serviços estaduais - Fase 1,Diálogo Competitivo,921142.25,805054.36,Homologado,Inova Sul S.A.,98.765.432/0001-10,2021-09-16
24.896907-0,SEAP,Upgrade de infraestrutura de Servidores do Datacenter Celepar - Fase 3,Pregão Eletrônico,1317490.28,,Em Andamento,N/A,N/A,2021-09-06
24.492650-6,SETI,Licenciamento de plataforma low-code para automação de processos internos - Fase 2,Pregão Eletrônico,3081804.68,2721201.32,Homologado,Inteligência Global ME,45.678.901/0001-23,2021-08-31
25.105506-1,SEIA,Upgrade de infraestrutura de Servidores do Datacenter Celepar - Fase 1,Dispensa de Licitação,2483154.98,0.0,Revogado,N/A,N/A,2021-08-16
23.297636-1,SEIA,Desenvolvimento de aplicativo móvel para integração de serviços estaduais - Fase 3,Pregão Eletrônico,3454259.0,2650751.94,Homologado,TechPar Soluções Ltda,12.345.678/0001-90,2021-07-26
26.930884-2,SETI,Contratação de Nuvem Híbrida para o Programa Transforma Paraná - Fase 1,Pregão Eletrônico,2668106.52,2520755.81,Homologado,Brasil Software EIRELI,23.456.789/0001-34,2021-07-24
24.588899-8,DETRAN,Upgrade de infraestrutura de Servidores do Datacenter Celepar - Fase 2,Pregão Eletrônico,3976169.43,,Em Andamento,N/A,N/A,2021-07-21
24.563638-3,SETI,Desenvolvimento de aplicativo móvel para integração de serviços estaduais - Fase 3,Pregão Eletrônico,409036.05,0.0,Fracassado,N/A,N/A,2021-07-11
21.760626-9,SEAP,Contratação de consultoria para governança de dados e LGPD - Fase 1,Pregão Eletrônico,91124.86,0.0,Revogado,N/A,N/A,2021-07-10
26.476096-0,SEED,Upgrade de infraestrutura de Servidores do Datacenter Celepar - Fase 1,Concorrência Pública,4272078.22,,Em Andamento,N/A,N/A,2021-07-07
25.549245-9,SEED,Desenvolvimento do Novo Portal de Transparência da CGE - Fase 1,Concorrência Pública,648342.9,,Em Andamento,N/A,N/A,2021-07-06
24.309902-1,SESA,Licenciamento de plataforma low-code para automação de processos internos - Fase 1,Pregão Eletrônico,4047095.27,,Em Andamento,N/A,N/A,2021-06-29
23.695361-3,SESA,Desenvolvimento de sistema de IA para detecção de fraudes em licitações - Fase 3,Dispensa de Licitação,3726644.52,0.0,Fracassado,N/A,N/A,2021-06-27
23.936587-4,DETRAN,Upgrade de infraestrutura de Servidores do Datacenter Celepar - Fase 3,Inexigibilidade de Licitação,1264920.53,1068422.25,Homologado,Inova Sul S.A.,98.765.432/0001-10,2021-06-25
21.469038-8,Celepar,Upgrade de infraestrutura de Servidores do Datacenter Celepar - Fase 2,Pregão Eletrônico,284298.53,0.0,Deserto,N/A,N/A,2021-06-07
26.958729-2,SEAP,Licenciamento de Software de Inteligência Artificial para análise documental - Fase 1,Pregão Eletrônico,805540.63,735346.05,Homologado,Consultoria Eficiente S.A.,56.789.012/0001-56,2021-06-04
26.132663-0,SETI,Licenciamento de plataforma low-code para automação de processos internos - Fase 2,Pregão Eletrônico,512589.38,,Em Andamento,N/A,N/A,2021-05-31
26.722656-7,CGE,Contratação de Nuvem Híbrida para o Programa Transforma Paraná - Fase 1,Pregão Eletrônico,1293751.13,,Em Andamento,N/A,N/A,2021-05-26
25.573417-1,SEAP,Consultoria especializada para Implantação de IA em Processos Jurídicos - Fase 1,Pregão Eletrônico,2659739.97,2300045.33,Homologado,TechPar Soluções Ltda,12.345.678/0001-90,2021-05-26
21.744674-5,SEAP,Desenvolvimento de sistema de IA para detecção de fraudes em licitações - Fase 2,Pregão Eletrônico,3016920.62,0.0,Fracassado,N/A,N/A,2021-05-19
26.199704-5,SEED,Desenvolvimento do Novo Portal de Transparência da CGE - Fase 3,Pregão Eletrônico,4292558.55,,Em Andamento,N/A,N/A,2021-05-18
23.349183-4,Celepar,Contratação de Nuvem Híbrida para o Programa Transforma Paraná - Fase 1,Pregão Eletrônico,3578729.02,,Em Andamento,N/A,N/A,2021-05-09
25.135207-7,SEIA,Consultoria especializada para Implantação de IA em Processos Jurídicos - Fase 3,Pregão Eletrônico,1992163.77,1815315.4,Homologado,Startups PR Co.,34.567.890/0001-67,2021-04-26
26.194769-6,Celepar,Desenvolvimento de aplicativo móvel para integração de serviços estaduais - Fase 3,Inexigibilidade de Licitação,479267.36,428618.54,Homologado,TechPar Soluções Ltda,12.345.678/0001-90,2021-04-05
25.108574-1,SEED,Serviços de Desenvolvimento de Chatbot E-Gov para atendimento ao cidadão - Fase 2,Inexigibilidade de Licitação,3444439.74,0.0,Fracassado,N/A,N/A,2021-04-03
26.216739-0,CGE,Consultoria especializada para Implantação de IA em Processos Jurídicos - Fase 1,Pregão Eletrônico,488153.44,422417.67,Homologado,TechPar Soluções Ltda,12.345.678/0001-90,2021-03-03
22.846385-2,DETRAN,Licenciamento de banco de dados corporativo e suporte técnico - Fase 1,Pregão Eletrônico,928382.26,711406.45,Homologado,Brasil Software EIRELI,23.456.789/0001-34,2021-02-23
23.859782-9,CGE,Licenciamento de Software de Inteligência Artificial para análise documental - Fase 1,Pregão Eletrônico,1643138.38,0.0,Deserto,N/A,N/A,2021-01-29
26.380439-0,SESA,Upgrade de infraestrutura de Servidores do Datacenter Celepar - Fase 3,Inexigibilidade de Licitação,4149272.72,0.0,Fracassado,N/A,N/A,2021-01-13
23.557592-9,Celepar,Suporte Técnico Especializado para Sistemas de Prontuário Eletrônico da SESA - Fase 3,Pregão Eletrônico,228407.81,0.0,Revogado,N/A,N/A,2021-01-04
